episode,single_only,max_combo,random2,macro
2000,86.6,21.15,59.45,55.73333333333333
4000,87.85,25.75,60.3,57.96666666666666
6000,93.15,29.35,67.6,63.36666666666667
8000,91.7,27.7,65.65,61.68333333333334
10000,88.45,25.3,64.7,59.48333333333333
12000,87.25,24.9,62.85,58.333333333333336
14000,90.8,26.35,61.45,59.53333333333334
