episode,single_only,max_combo,random2,macro
1000,3.8,0.75,1.55,2.033333333333333
2000,4.75,0.25,0.6,1.8666666666666665
3000,1.7,0.0,0.7,0.7999999999999999
4000,2.3,0.05,0.3,0.8833333333333332
5000,3.85,0.15,0.15,1.3833333333333335
6000,2.05,0.0,0.0,0.6833333333333332
7000,3.3,0.0,0.05,1.1166666666666665
8000,2.65,0.25,0.2,1.0333333333333334
9000,9.85,5.4,3.75,6.333333333333333
10000,11.6,8.65,17.15,12.466666666666667
