episode,steps,ep_seconds,train_seconds,eval_seconds,plot_seconds,save_seconds,cum_seconds
400,105,0.07036448502913117,0.0,0.0,0.0,0.0,19.967442636028863
800,96,0.030981995980255306,0.0,0.0,0.0,0.0,43.278715280932374
1200,103,0.05307800404261798,0.0,0.0,0.0,0.0,96.03873675595969
1600,106,0.04727762099355459,0.0,0.0,0.0,0.0,118.56988220999483
2000,99,24.22554194892291,0.0,22.73808646108955,1.4083509308984503,0.0011600529542192817,165.6105242719641
2400,101,0.06323322001844645,0.0,0.0,0.0,0.0,188.80862966598943
2800,79,0.05913283594418317,0.0,0.0,0.0,0.0,213.03005874191877
