episode,steps,ep_seconds,train_seconds,eval_seconds,plot_seconds,save_seconds,cum_seconds
200,98,0.0885675079189241,0.01109298609662801,0.0,0.0,0.0,17.75668622297235
400,90,0.08127894392237067,0.01114249404054135,0.0,0.0,0.0,35.15720152598806
600,94,0.07222133595496416,0.008801289019174874,0.0,0.0,0.0,97.08730954304338
