episode,single_only_wr,single_only_reward,single_only_p0,single_only_p1,single_only_p2,single_only_p3,max_combo_wr,max_combo_reward,max_combo_p0,max_combo_p1,max_combo_p2,max_combo_p3,random2_wr,random2_reward,random2_p0,random2_p1,random2_p2,random2_p3,macro_wr,macro_reward
2000,86.85,2.8035,0.8685,0.084,0.03,0.0175,24.8,1.471,0.248,0.2355,0.256,0.2605,68.35,2.5585,0.6835,0.219,0.07,0.0275,60.0,2.2776666666666667
4000,83.3,2.7395,0.833,0.096,0.0485,0.0225,26.15,1.4855,0.2615,0.23,0.241,0.2675,64.65,2.4675,0.6465,0.2215,0.085,0.047,58.03333333333333,2.230833333333333
6000,81.1,2.704,0.811,0.107,0.057,0.025,28.4,1.593,0.284,0.248,0.245,0.223,66.4,2.483,0.664,0.203,0.085,0.048,58.63333333333333,2.2600000000000002
8000,89.5,2.8495,0.895,0.067,0.0305,0.0075,28.3,1.635,0.283,0.2675,0.251,0.1985,69.05,2.5515,0.6905,0.2,0.08,0.0295,62.28333333333333,2.345333333333333
10000,87.9,2.8015,0.879,0.0645,0.0355,0.021,29.7,1.622,0.297,0.2495,0.232,0.2215,66.8,2.4805,0.668,0.2,0.0765,0.0555,61.46666666666667,2.3013333333333335
