episode,steps,ep_seconds,train_seconds,eval_seconds,plot_seconds,save_seconds,cum_seconds
50,18,0.004840323934331536,0.0024637989699840546,0.0,0.0,0.0,0.2988226569723338
100,19,4.934560377034359,0.0018902759766206145,2.6788551890058443,2.250694127054885,0.001863773912191391,5.465352150960825
150,21,0.0063813329907134175,0.002631931914947927,0.0,0.0,0.0,5.732642340008169
