episode,steps,ep_seconds,train_seconds,eval_seconds,plot_seconds,save_seconds,cum_seconds
50,74,0.051920355996116996,0.01245388702955097,0.0,0.0,0.0,3.540898083942011
100,92,15.886432450963184,0.01247152395080775,12.92768669303041,2.8901265520835295,0.002264644019305706,22.69272559392266
150,74,0.06702092196792364,0.017474647029303014,0.0,0.0,0.0,25.97801289090421
200,88,17.919546535005793,0.012966624926775694,14.429694710997865,3.3993441910715774,0.0014715499710291624,47.08252194093075
