episode,steps,ep_seconds,train_seconds,eval_seconds,plot_seconds,save_seconds,cum_seconds
50,105,0.05967130800127052,0.0048933280049823225,0.0,0.0,0.0,3.0424319000157993
100,113,13.269677922013216,0.004293967998819426,10.53482172798249,2.6904801069758832,0.003074471984291449,18.82771487100399
150,93,0.03274669000529684,0.0029308889934327453,0.0,0.0,0.0,20.57045771900448
200,102,13.410814495000523,0.003109672019490972,10.274771930009592,3.098714141000528,0.0016399110027123243,35.6813972890086
