episode,single_only_wr,single_only_reward,single_only_p0,single_only_p1,single_only_p2,single_only_p3,max_combo_wr,max_combo_reward,max_combo_p0,max_combo_p1,max_combo_p2,max_combo_p3,random2_wr,random2_reward,random2_p0,random2_p1,random2_p2,random2_p3,macro_wr,macro_reward
2000,81.0,2.775,0.81,0.165,0.015,0.01,39.5,1.935,0.395,0.28,0.19,0.135,81.0,2.78,0.81,0.165,0.02,0.005,67.16666666666667,2.4966666666666666
4000,86.0,2.805,0.86,0.105,0.015,0.02,35.0,1.845,0.35,0.295,0.205,0.15,80.0,2.695,0.8,0.12,0.055,0.025,67.0,2.4483333333333337
6000,84.5,2.805,0.845,0.125,0.02,0.01,36.0,1.955,0.36,0.33,0.215,0.095,80.5,2.77,0.805,0.16,0.035,0.0,67.0,2.51
8000,82.5,2.785,0.825,0.14,0.03,0.005,35.0,1.945,0.35,0.335,0.225,0.09,77.0,2.67,0.77,0.15,0.06,0.02,64.83333333333333,2.466666666666667
10000,79.5,2.745,0.795,0.16,0.04,0.005,45.5,2.08,0.455,0.255,0.205,0.085,80.5,2.76,0.805,0.155,0.035,0.005,68.5,2.5283333333333333
