episode,steps,ep_seconds,train_seconds,eval_seconds,plot_seconds,save_seconds,cum_seconds
50,112,0.05288379406556487,0.009620316908694804,0.0,0.0,0.0,3.392599963932298
100,144,14.423050925019197,0.012667407048866153,12.355044094962068,2.000043150037527,0.0025786649202927947,21.034183874959126
150,125,0.05976099392864853,0.009291140013374388,0.0,0.0,0.0,24.082439393969253
200,113,13.6974086179398,0.009368445025756955,11.363134806975722,2.279169760993682,0.0013007109519094229,40.815301066963
