episode,single_only,max_combo,random2,macro
1000,4.9,0.7,1.4,2.3333333333333335
2000,4.4,0.15,0.9,1.816666666666667
3000,3.45,0.1,0.9,1.4833333333333334
4000,1.2,0.1,0.2,0.5
5000,0.0,0.0,0.05,0.016666666666666666
6000,0.0,0.0,0.0,0.0
7000,0.0,0.0,0.0,0.0
8000,0.0,0.0,0.0,0.0
9000,2.4,0.55,0.8,1.25
10000,0.65,0.35,1.8,0.9333333333333332
