episode,single_only,max_combo,random2,macro
2000,81.3,25.2,62.2,56.23333333333333
4000,83.85,26.7,65.5,58.68333333333334
6000,82.6,28.2,67.95,59.583333333333336
8000,82.45,25.3,63.85,57.199999999999996
10000,83.25,32.6,67.25,61.03333333333333
12000,85.55,25.8,62.8,58.04999999999999
14000,88.0,29.55,70.25,62.6
16000,92.25,28.7,67.6,62.85
18000,86.05,29.9,74.05,63.333333333333336
20000,87.8,29.9,68.9,62.199999999999996
