episode,steps,ep_seconds,train_seconds,eval_seconds,plot_seconds,save_seconds,cum_seconds
50,105,0.08277352899312973,0.01194583997130394,0.0,0.0,0.0,4.333359249052592
100,81,12.589392474968918,0.010889901896007359,10.745117424987257,1.7590723080793396,0.0055626119719818234,20.995123462053016
150,91,0.07066659606061876,0.00941588100977242,0.0,0.0,0.0,24.987474316963926
200,92,12.913211958948523,0.008742391015402973,10.804989940021187,2.0300136449513957,0.004536416963674128,41.80984010105021
