episode,steps,ep_seconds,train_seconds,eval_seconds,plot_seconds,save_seconds,cum_seconds
50,160,0.08041134697850794,0.013512952020391822,0.0,0.0,0.0,3.5216439550276846
100,115,14.708665609010495,0.012954291072674096,12.629525839933194,2.011606842977926,0.0020182080334052444,21.869712039013393
