episode,single_only_wr,single_only_reward,single_only_p0,single_only_p1,single_only_p2,single_only_p3,max_combo_wr,max_combo_reward,max_combo_p0,max_combo_p1,max_combo_p2,max_combo_p3,random2_wr,random2_reward,random2_p0,random2_p1,random2_p2,random2_p3,macro_wr,macro_reward
2000,62.0,2.41,0.62,0.215,0.12,0.045,24.0,1.52,0.24,0.28,0.24,0.24,57.0,2.375,0.57,0.26,0.145,0.025,47.666666666666664,2.1016666666666666
4000,59.5,2.365,0.595,0.23,0.12,0.055,33.5,1.87,0.335,0.35,0.165,0.15,71.5,2.605,0.715,0.205,0.05,0.03,54.833333333333336,2.28
6000,64.5,2.5,0.645,0.245,0.075,0.035,44.0,2.035,0.44,0.27,0.175,0.115,78.5,2.74,0.785,0.18,0.025,0.01,62.333333333333336,2.4250000000000003
8000,65.0,2.57,0.65,0.28,0.06,0.01,50.0,2.24,0.5,0.315,0.11,0.075,70.0,2.64,0.7,0.24,0.06,0.0,61.666666666666664,2.483333333333334
10000,63.5,2.48,0.635,0.235,0.105,0.025,47.0,2.185,0.47,0.315,0.145,0.07,80.0,2.765,0.8,0.165,0.035,0.0,63.5,2.4766666666666666
