episode,steps,ep_seconds,train_seconds,eval_seconds,plot_seconds,save_seconds,cum_seconds
500,26,3.4415351320058107,0.0,1.8180125389480963,1.5782273029908538,0.004965501953847706,29.02025755296927
