episode,steps,ep_seconds,train_seconds,eval_seconds,plot_seconds,save_seconds,cum_seconds
500,119,0.24565018794965,0.0,0.0,0.0,0.0,105.87427370599471
1000,80,26.071533484966494,0.0,24.255111487931572,1.652826840057969,0.00682913395576179,228.0807414019946
1500,78,0.1414613570086658,0.0,0.0,0.0,0.0,317.4685736239189
2000,87,22.593519005924463,0.0,20.616784348967485,1.7757409079931676,0.005154120968654752,427.1762040689355
