episode,steps,ep_seconds,train_seconds,eval_seconds,plot_seconds,save_seconds,cum_seconds
0,0,0.0,0.0,0.0,0.0,0.0,0.0
500,72,0.01772911800071597,0.0025137480115517974,0.0,0.0,0.0,8.192681498010643
1000,81,35.7113723520888,0.00240925804246217,33.566047474043444,2.127903535962105,0.002154784044250846,51.562027091044
1500,71,0.013355618924833834,0.002614340977743268,0.0,0.0,0.0,58.582125331042334
2000,76,34.67782231303863,0.002945838961750269,32.33967803895939,2.321829092921689,0.0012750709429383278,100.45207184902392
2500,73,0.025141934980638325,0.00415714702103287,0.0,0.0,0.0,107.95776072400622
3000,72,35.01522741408553,0.0032539869425818324,32.543889409978874,2.454507998074405,0.0014817049959674478,150.12531291600317
3500,69,0.0114686080487445,0.002758223097771406,0.0,0.0,0.0,157.54045651003253
4000,68,34.619132812018506,0.0025516939349472523,31.978037466993555,2.6259629629785195,0.0016601340612396598,199.55987419199664
