episode,steps,ep_seconds,train_seconds,eval_seconds,plot_seconds,save_seconds,cum_seconds
50,77,0.01993815798778087,0.00383939896710217,0.0,0.0,0.0,1.0040180051000789
100,88,12.4844590339344,0.0029298210283741355,10.206678368966095,2.258202714030631,0.0025077309692278504,14.201937826001085
150,75,0.0112177919363603,0.002337136073037982,0.0,0.0,0.0,14.850675923051313
200,72,12.419302957016043,0.0025374750839546323,9.788831189041957,2.61913570901379,0.001261480967514217,27.913219217094593
