episode,steps,ep_seconds,train_seconds,eval_seconds,plot_seconds,save_seconds,cum_seconds
50,96,0.06731768406461924,0.008323315065354109,0.0,0.0,0.0,3.8174081629840657
100,81,11.448659904999658,0.010435604956001043,9.727669948944822,1.641527460073121,0.005063507007434964,18.98316677904222
150,103,0.08536489505786449,0.010475036920979619,0.0,0.0,0.0,22.624171101953834
200,78,11.173582011950202,0.008464088081382215,9.108609352027997,1.997418671962805,0.0036460079718381166,37.429784985026345
