episode,steps,ep_seconds,train_seconds,eval_seconds,plot_seconds,save_seconds,cum_seconds
50,114,0.05216007001581602,0.0,0.0,0.0,0.0,2.3815876329899766
100,117,12.056274707021657,0.0,10.574042932013981,1.4235499649948906,0.010234785004286095,16.67092012500507
150,124,0.0529237290029414,0.0,0.0,0.0,0.0,18.980798442993546
200,128,12.138080089003779,0.0,10.593539024004713,1.4850948509993032,0.0018267470004502684,33.33751051701256
