episode,steps,ep_seconds,train_seconds,eval_seconds,plot_seconds,save_seconds,cum_seconds
500,101,63.757531144074164,0.13081310398411006,62.05710262292996,1.4630857029696926,0.003115177038125694,97.0357013909379
1000,93,50.80514513398521,0.09758904401678592,49.33199067006353,1.2939767609350383,0.0013304209569469094,176.64659309992567
1500,97,60.90965555305593,0.08844402292743325,59.11266233504284,1.650468094041571,0.001720367930829525,263.13750323001295
2000,96,60.63063194300048,0.08762849506456405,58.56362396501936,1.918668418074958,0.0014336089370772243,348.85238709300756
