episode,single_only,max_combo,random2,macro
2000,61.05,18.55,49.3,42.96666666666666
4000,68.35,18.4,57.85,48.199999999999996
6000,58.2,20.7,50.15,43.01666666666667
8000,78.9,24.6,63.15,55.550000000000004
10000,89.35,23.8,67.4,60.18333333333334
