episode,steps,ep_seconds,train_seconds,eval_seconds,plot_seconds,save_seconds,cum_seconds
500,32,3.0676662479527295,0.0,1.8755228819791228,1.1720230110222474,0.0018382139969617128,12.109286104911007
