episode,single_only,max_combo,random2,macro
10000,89.5,22.85,64.05,58.79999999999999
20000,73.6,28.75,69.5,57.28333333333333
30000,83.05,28.15,74.0,61.73333333333333
40000,84.2,29.5,72.4,62.03333333333334
50000,77.25,31.05,68.35,58.883333333333326
