episode,single_only,max_combo,random2,macro
2000,88.2,22.7,61.6,57.5
4000,86.0,27.0,61.6,58.199999999999996
6000,89.2,24.55,62.25,58.666666666666664
8000,83.6,25.55,63.5,57.54999999999999
10000,89.3,24.35,62.95,58.866666666666674
12000,91.15,24.45,61.5,59.03333333333334
14000,89.5,27.4,62.6,59.833333333333336
