episode,single_only,max_combo,random2,macro
2000,78.35,21.3,60.35,53.333333333333336
4000,66.6,20.05,55.25,47.29999999999999
6000,78.95,24.4,65.25,56.199999999999996
8000,89.15,26.3,66.8,60.75
10000,89.85,27.6,67.65,61.699999999999996
12000,86.95,25.95,64.25,59.050000000000004
14000,89.0,28.75,70.45,62.73333333333333
16000,87.0,30.2,70.5,62.56666666666666
18000,83.85,29.4,69.9,61.050000000000004
20000,82.85,29.7,70.6,61.04999999999999
