episode,steps,ep_seconds,train_seconds,eval_seconds,plot_seconds,save_seconds,cum_seconds
50,77,0.016182357008801773,0.0028641629905905575,0.0,0.0,0.0,0.7727857879945077
100,71,12.282708515995182,0.002902579988585785,9.625269035022939,2.636635975999525,0.006657550024101511,13.760803361976286
150,74,0.012420615996234119,0.0025667480076663196,0.0,0.0,0.0,14.445632376999129
200,75,12.35918493999634,0.002791628008708358,9.276773029007018,3.066995647008298,0.0015012040094006807,27.470437064999714
