episode,single_only,max_combo,random2,macro
2000,69.15,19.3,59.6,49.35
4000,71.0,18.4,53.6,47.666666666666664
6000,86.8,22.35,63.65,57.6
8000,85.75,21.4,61.2,56.116666666666674
10000,83.8,25.5,66.2,58.5
12000,83.2,24.35,65.2,57.583333333333336
14000,86.0,25.65,65.2,58.95000000000001
16000,64.95,21.8,63.4,50.050000000000004
18000,85.05,25.05,67.7,59.26666666666667
20000,83.7,23.85,66.9,58.150000000000006
