episode,steps,ep_seconds,train_seconds,eval_seconds,plot_seconds,save_seconds,cum_seconds
50,24,0.010189441000022725,0.0034406429999762622,0.0,0.0,0.0,0.6937006769999812
100,20,7.580451423999989,0.006182232000014665,4.236140465999995,3.311045999999976,0.01996040000000221,8.775485689999982
150,18,0.005851633000020229,0.003630938000014794,0.0,0.0,0.0,9.239296508999985
200,18,6.634482541000011,0.003519385999993574,3.038463749000016,3.5856277569999975,0.0018219989999579411,16.247909151999977
