episode,steps,ep_seconds,train_seconds,eval_seconds,plot_seconds,save_seconds,cum_seconds
50,85,0.04393933096434921,0.010351283010095358,0.0,0.0,0.0,2.815310526988469
100,110,12.544281758950092,0.010785871068947017,10.113519904902205,2.37405755801592,0.0026887599378824234,17.802056433050893
150,93,0.04518947994802147,0.009512400021776557,0.0,0.0,0.0,20.214793913066387
200,101,12.168067705002613,0.010751296998932958,9.797972274944186,2.3124834530754015,0.0012811069609597325,34.861532954033464
