episode,single_only,max_combo,random2,macro
2000,61.6,18.45,45.55,41.86666666666667
4000,74.75,22.3,57.7,51.583333333333336
6000,88.7,27.35,65.35,60.46666666666667
8000,90.35,25.8,66.75,60.96666666666666
10000,84.4,25.75,66.3,58.81666666666666
