episode,single_only_wr,single_only_reward,single_only_p0,single_only_p1,single_only_p2,single_only_p3,max_combo_wr,max_combo_reward,max_combo_p0,max_combo_p1,max_combo_p2,max_combo_p3,random2_wr,random2_reward,random2_p0,random2_p1,random2_p2,random2_p3,macro_wr,macro_reward
2000,77.7,2.672,0.777,0.1375,0.066,0.0195,20.25,1.3275,0.2025,0.23,0.26,0.3075,58.95,2.394,0.5895,0.258,0.1095,0.043,52.300000000000004,2.1311666666666667
4000,68.0,2.3855,0.68,0.1285,0.0885,0.103,23.35,1.436,0.2335,0.242,0.2515,0.273,60.05,2.3195,0.6005,0.206,0.106,0.0875,50.46666666666666,2.047
6000,63.2,2.3145,0.632,0.162,0.0945,0.1115,22.15,1.401,0.2215,0.2395,0.2575,0.2815,58.85,2.28,0.5885,0.203,0.1085,0.1,48.06666666666666,1.9985
8000,84.7,2.79,0.847,0.106,0.037,0.01,26.4,1.5675,0.264,0.268,0.2395,0.2285,66.5,2.5005,0.665,0.212,0.0815,0.0415,59.199999999999996,2.286
10000,69.3,2.628,0.693,0.2515,0.046,0.0095,23.45,1.6375,0.2345,0.3445,0.245,0.176,72.4,2.646,0.724,0.215,0.044,0.017,55.050000000000004,2.3038333333333334
