episode,steps,ep_seconds,train_seconds,eval_seconds,plot_seconds,save_seconds,cum_seconds
250,27,0.004136602045036852,0.0025681350380182266,0.0,0.0,0.0,4.431713077006862
500,30,0.003659340087324381,0.002216520020738244,0.0,0.0,0.0,8.788017667946406
750,29,0.003288566949777305,0.002148685045540333,0.0,0.0,0.0,13.241398163954727
1000,23,3.899110560072586,0.004475123947486281,2.0306903989985585,1.8599884670693427,0.002184984041377902,21.829236913006753
