episode,steps,ep_seconds,train_seconds,eval_seconds,plot_seconds,save_seconds,cum_seconds
50,91,0.09993107698392123,0.010331663012038916,0.0,0.0,0.0,5.145352694991743
100,92,11.416510573995765,0.009758733009221032,9.372551726002712,1.9610737379989587,0.006445058999815956,21.05423676400096
150,103,0.08283673497498967,0.010981970001012087,0.0,0.0,0.0,24.903360416006763
200,88,11.220921309984988,0.008747780986595899,8.70925616499153,2.4231805179733783,0.005118297005537897,40.035314699984156
